{"cameraMode":{"drawMode":0,"name":"Shaded","section":"Shading Mode"},"sceneLighting":true,"audioPlay":false,"sceneViewState":{"m_AlwaysRefresh":false,"showFog":true,"showSkybox":true,"showFlares":true,"showImageEffects":true,"showParticleSystems":true,"showVisualEffectGraphs":true,"m_FxEnabled":true},"in2DMode":false,"pivot":{"x":-3.0197224617004396,"y":0.7790621519088745,"z":-0.5153947472572327},"rotation":{"x":0.11970558762550354,"y":0.012508275918662548,"z":-0.0015059325378388167,"w":0.9927466511726379},"size":9.420853614807129,"orthographic":true}